{
    "min_": [
        -0.108579171029131,
        -1.0850351878561282e-06,
        -0.033968516984258484,
        -0.09214500675422899,
        -1.3690694295280814,
        -0.34496908747025684,
        0.0,
        0.0,
        0.0
    ],
    "scale_": [
        0.0012317546344768123,
        0.037048334866602355,
        0.002118926890665491,
        0.09214500675422899,
        0.5264598732284625,
        0.0028246098084010675,
        1.1111111111111112,
        0.0002,
        0.23255813953488372
    ],
    "data_min_": [
        88.15,
        2.928701631970633e-05,
        16.031,
        1.0,
        2.60052,
        122.12982,
        0.0,
        0.0,
        0.0
    ],
    "data_max_": [
        900.0,
        26.99179568085394,
        487.968,
        11.85246,
        4.5,
        476.16102,
        0.9,
        5000.0,
        4.3
    ],
    "data_range_": [
        811.85,
        26.99176639383762,
        471.937,
        10.85246,
        1.89948,
        354.0312,
        0.9,
        5000.0,
        4.3
    ],
    "n_features_in_": 9,
    "n_samples_seen_": 38773
}