{
    "min_": [
        0.5549983688811438
    ],
    "scale_": [
        0.04568003490332726
    ],
    "data_min_": [
        -12.149692312094066
    ],
    "data_max_": [
        9.741709524973306
    ],
    "data_range_": [
        21.89140183706737
    ],
    "n_features_in_": 1,
    "n_samples_seen_": 38773
}